sha256,pkgName,classID
2E91A25E7D30DCE7BA8217EBA79EABA230C445E56367E3B66D91A23AABE274DB,com.splunchy.android.alarmclock,Alarm
50BB39C035D2C866ACA164DD2DC736E20EF98F07A2B9E413E5E1DB98EA7205C5,com.Hisecurity.master.antivirus,Antivirus
D5D4B5C78C4D6F0584DF98D50CCE3ADC0890C58A4D988180C885288428B39C4B,com.nepel.scandriveanti,Antivirus
DB8521F7D4953B0CFA53A065486C5519885FF0B61C0BCAE084412DEF94E2CD7C,com.grand.cleaner.henry.labs,Antivirus
A0CA49F6D0CCD66D3600DFF6125A37C4E1C037CFAD281EAD4DA1F65F15F1B60C,com.virus.cleaner.security.antiviruspro,Antivirus
3103E5014959ACE0B14426EB32725159418E8F5A28473FA289E3AA61B78FCA51,com.cleanvirus.cleaner.anti.virus2021,Antivirus
2A9DC237B951EECC130EEC5E23252789E4C9B5877125389EC88E37EF778519D0,com.master.clean.antivirus,Antivirus
AAE6095F2A25BA1836AB28CA876697330683E87AD8F916EDDEACF972BB4AB05C,com.virus.cleaner.antivirus,Antivirus
81D1115432E032339134EDE671B334FE366CD2BB2A8D2B8C5469D256C9030822,com.nepel.scandriveanti,Antivirus
5760BBA0DAF82BA364A98B6EFD9D3EAC52DDA4DE4E4DC6C2643BF89619476D5E,com.power.clean.antivirus,Antivirus
69C81403C28E86FE90975BAB668DD9F3FDC4330717A4842E334B57CFF68DF489,com.nepel.scandriveanti,Antivirus
29A9B07B72809F00F8748198F60CF6CA5412394CA78775A68B87DBB687238355,com.antivirus.master.cmsecurity,Antivirus
7C5DA326FC3F88BC64290C677CFA5699E88395D7F05B28C99605CD0AEC50E759,com.nepel.scandriveanti,Antivirus
419F4C8E37978C429B4C71F7E389C7DB0AB6290BA8606F026BD6B27039DB2F99,com.nqmobile.antivirus20,Antivirus
DE606BBFBEBF41624B538BB2ECD408894B2D9D7A835573FF88BF21C6C7919748,com.security.antivirus.totalanti,Antivirus
6EFCAED7D0A89AFA1D400DA9A473B7DE41D0010B1E1B136B3D2BB8FE935D0B6F,com.nqmobile.antivirus20,Antivirus
136285FD6762B35CB750606884D9E376137110E2E5A8130FDF511C3F87305191,net.sjr.smart.clean2,Antivirus
729DC96E8ABE857158C8091E6FBFC47A0174F2F887875ADD90EC2D1D990E2D24,com.virus.batteria,Antivirus
922C8A3972C8A10471456A1CABE3DB5CB1D4F18B06C86C0C035C9E8647BDE354,com.viiiiim.soufiane,Antivirus
0BE63A38F523D2FF65114A013F6AD7C5C6B34B433D0AD2B63729C1D38DC2113E,mobi.supo.cleaner,Antivirus
5760BBA0DAF82BA364A98B6EFD9D3EAC52DDA4DE4E4DC6C2643BF89619476D5E,com.power.clean.antivirus,Antivirus
494F2250CEB5B6FA222E8CBE2A8916225A0D6CFFABAF19C54559709D7746B5D2,com.schiffertech.camwings,Antivirus
A151380DDA94103F31158EC4E4FC2F5AA73428C64DCDCE9CE7675F7EBA5832E9,com.easy.cleaner.lorin,Antivirus
9DC1D72168B148AAB3838078B11E0391388853F9ECFA6B6377DBF0F879A48351,com.maticmobi.mobilesecurity.antivirus,Antivirus
58F2EFC4A4030B4BB2C82D2324D91FEB7F465DDEC5AD6872BDED5B47ACC7A03F,com.mobile.phone.speed.booster,Antivirus
419F4C8E37978C429B4C71F7E389C7DB0AB6290BA8606F026BD6B27039DB2F99,com.nqmobile.antivirus20,Antivirus
21EA5131788D9CB504A69AC696A91985D9E35AB01A3C0D682E4E8D9C9C554470,com.nqmobile.antivirus20,Antivirus
312FE755D68D9DCD1268D82A0BF2DC8E03C43407DFC567C67C5FE650173EF5DA,com.powerstars.answer.horoscopes,Astrology
9BDD7CDE8224727A8CC8B9ED8CD446DE1BFD69323E1368D6E9CC30D6ADA52E36,com.rng.youchat,Astrology
F1049354816457C5E25E170E263003E316917A0D325D821EA003F5421EE334E1,com.daily.luck.horoscope,Astrology
65501E9402BD05AA5950585EFAD0FE2AE400734BB4178BF550C3477B4BC115BF,com.rupeesland.app.cash.money.pay.credit.loan,Banking
05984145AC912F471B683E96340342CE64570892652441CE177E78D2C408FD5E,com.wPremierOnline_13833146,Banking
AD3D24269259F7D5E1E3AF75C7F46A8AF4A0F47F52F39789AD1D87162F4D2FCE,com.lvcash.lvcashcomshoz,Banking
4B691F5B420B21B4F188F648507987906A7DB00C39C9CBC163FD55189BB9958F,com.pinjamango,Banking
AC6A2DF919E3DBF8882BC9D2DF32F06E616E99B7FBD8BD5F7D73E1F966345363,com.q2e.communityfirst3053android.cfbmobile.uwnmobile,Banking
E5BEDE2E5C51631AB4104705EFC1DA1DD89CBA7ABFF0B7C9423E9ACA0AB8863D,com.fsnb,Banking
BBCBAC03B470B52BF9AB172A463F50E67FA501842D62C3F6E00CF1F91CDC4DE1,com.macaupass.rechargeEasy,Banking
82CCBBA2E7B60B36A75883B7D5F1D271678675C1862637C9DDC6D5B5B994A7C3,com.zamtel.zampay.customer,Banking
53F1326FB403AA5B7D03C85611E1FF7780669E4A5BE5DE2DCB58E8B47564FC62,com.pinjamango,Banking
48273B611C59959578250B169868A86D8720EC57A3A8AF442112B9B5EAEEFE66,com.shenyaocn.android.barmaker,BarcodeAndQRcodeScanner
DA771267BE79A612737BC3E12E812E6EF3062A62B0DC414E3CCD7E94CEFBF706,com.fast.easy.tool.scanner,BarcodeAndQRcodeScanner
49E01FEE1893052408A4E6D299F3162028BDF2D229DDFCB2153F6EDFF2255AA4,com.comply.qrscan,BarcodeAndQRcodeScanner
F456561A296C536690231D316393C7935923C445494C1173590D5572E61991AF,com.google.zxing.client.android,BarcodeAndQRcodeScanner
49E01FEE1893052408A4E6D299F3162028BDF2D229DDFCB2153F6EDFF2255AA4,com.comply.qrscan,BarcodeAndQRcodeScanner
0B2AE4ACE822936D85E79D4489CBBA9F3F84FBCC657A49158A8FE2924C050F5E,qr.barcode.reader.scanner.tool,BarcodeAndQRcodeScanner
AB0D76EFF77F9FC598DCA166CF8A9B8E97F7B88CE46FF837A8C5DC62EB82382C,qrcodereader.barcodereader.codescanner,BarcodeAndQRcodeScanner
48273B611C59959578250B169868A86D8720EC57A3A8AF442112B9B5EAEEFE66,com.shenyaocn.android.barmaker,BarcodeAndQRcodeScanner
72385FB655F1E15CC9B2C21A5D832CB19C347BE34FC2E60993C2179F9F74AC7C,cn.menue.barcodescanner,BarcodeAndQRcodeScanner
A23A9A7BDF97EBD6776AD71A79EC18E9D38F611C97074CEF575BC66C1746F1C8,qrcodereader.barcodereader.codescanner,BarcodeAndQRcodeScanner
7EA3931CF6DA47F78A196C7DC917EFD9258431542064FCD3809C1B1F85887345,com.kevin.quick.app,BarcodeAndQRcodeScanner
0B2AE4ACE822936D85E79D4489CBBA9F3F84FBCC657A49158A8FE2924C050F5E,qr.barcode.reader.scanner.tool,BarcodeAndQRcodeScanner
06E20D6B979FA57DCB7EA70D3FD19E90E413422B0C50B1038E095494A55DD55F,com.mantano.reader.android,BooksReader
04E91B02C24794B69509DA0083E0D6E30ABB0651A0DC8D4737A93EC6B8806733,com.yosoft.tamilbooklibrary,BooksReader
0F3555D7A7DC1957DBF866961EEA8CBB646FAF235BD02AE3F97EFC2D08256716,com.esbook.reader,BooksReader
74C9DB2E9B16813FEFFE109362EE391EFE4E3A43B5DDA6B5BA23B8F64012BC16,com.readnovel.book_177193,BooksReader
690FBA17610E04880454AF7DB6544516F4854415A8C2686E4D54C166E97BB42C,com.readnovel.book_108226,BooksReader
EA6B9AF880820C57E9356C0E5195574978D651E32A78EC19027AE1ED56C65C19,com.readnovel.book_112808,BooksReader
90F3729480FD3959E9B8E46B1A384E75B4FDC2C4D02CACA53405899BE471E4E6,com.readnovel.book_91918,BooksReader
509D76B88C9AE8B1768FEBFB18E6491336EECE986A0CF3406EF270F2C2D306CE,com.readnovel.book_179109,BooksReader
750C8C2C926F2B38F77ECF6F6F154E77278C8D4FBCF7C6C0BD4DA2811E60EBA9,com.readnovel.book_130089,BooksReader
E72188F015AF43026A9D50B5DECBC3429099210048A821C30B5EFF77DD646E03,com.readnovel.book_66659,BooksReader
7D9D9F89E9A42C194FA614002E51B3178841BD652C28A285FA8D4BC59CCC6DEF,com.iyd.reader.book48195,BooksReader
69782D61E760918EFE39793A693BEB29BCEE0FCEF209DD0E3BA9A07242C884D1,com.readnovel.book_65761,BooksReader
3AC716847E0E676C71138D2AB5D3DBEBCD3F924B065972DCA8D2ABAE1485B103,com.readnovel.book_31853,BooksReader
9307E9FD4A317F8CF0DB357AB0A3E0AD6B32680049D384DE4AF550D06C49635B,com.readnovel.book_93693,BooksReader
490D4A3D551190D833257A4569B411E5337958FCDA79182471EE6181EC03BF62,com.iyd.reader.book56860,BooksReader
FA4A0A24C132C67BB7F870C93CC3D6080CAE5126D44720157517B3E3F74B7341,com.readnovel.book_83096,BooksReader
9371D585F84F479B963607550B0A8E7AE8CE80D93F27DA5411ED7CE9E9F9CC74,com.readnovel.book_110220,BooksReader
A474C4F4408985A8C05466D0EFDB634228394A3B56D4C34618DE789F8D4183B7,com.readnovel.book_18063,BooksReader
032A0F194460A6FBDE4204CFBD74A581B9A86681F6530E722CC946F2D672F622,com.jb.azsingle.chegii,BooksReader
0F1D7703920558BC08B1C6A9999033D7F000AD1AEA6B83B9E109156EB037E493,com.readnovel.book_210685_anzhi_new,BooksReader
A0995EBC33F1F4311E84FDF3A3939FD407FC75D3AB7A4A6A7A7ABDFA3640FCCA,com.readnovel.book_77915,BooksReader
EDA8063F4542F2948A438551DB09337E3A03B7777C7DB1860B6DAABBA22077E6,com.readnovel.book_76121,BooksReader
FB47A879202D553AA926D6D534767E3660FADC7858F31A355F173B625E6732F3,com.iyd.reader.book57501,BooksReader
FEA9C5084F4ABB8CB6EBBDC12AF908A572263640D63FF962B92A1FE54CF3297C,com.readnovel.book_126003,BooksReader
7B1226A4F5C38CE9B3AFBF7A34F26FC40D7AE45311343BF2200FA8EF8A730F1F,com.readnovel.book_181924,BooksReader
C811C527252C9B3F00B8A490CA5A3C020EF4E9D1B3B391F59D27503D65E98674,com.yosoft.tamilbooklibrary,BooksReader
2688689BA78F01225F4F5EE4FBE5C781FFC07F7F8ABEFC199F820E09A3F1576F,com.registr.registrator,Browser
B6AED5695BC865D56381B3AC1CA3DF45C926FBD2885400B650E6EBA594A0D481,com.wPrivateBrowser_4082039,Browser
28344ACD64A46DEECC3A1E46175FA03BCBDB750CDDFA78F55878D02B78E4479F,com.wLiteBrowser_4622854,Browser
E7BE137662DE7D56496446DE7E60C720BCB107323D70DC3F8C77804A0DC8F3AD,com.wAcres7_4345011,BuyAndRentHome
025260644813C2D86766EE740EB24E07CC1D9862D0642369CA88C3AF6C5896F5,com.all.maths.formula,Calculator
8177EF781185A5C14FD7A98F16D88ADEB81C8EB98B2534E688BFB02738C9E58C,com.wCalculator369_3930869,Calculator
AE3E561AD297BCE803FE42812A620532677A8627F5FBDAFD4D5A46FC327E38DC,com.all.maths.formula,Calculator
CA6FEAF5E7092EED12F35B2406F04B652C8A973F3FB28D29F6970B91A536611D,com.all.maths.formula,Calculator
AC3ED80AD64F938494AD5409E512582A6C31434C47A35221F31CF40C99E663F5,com.all.maths.formula,Calculator
778C4BA899BADB1B16DB2B6A46144B84BAB270324BABF59884AEDD09BDBA6E68,com.youloft.calendar12,Calendar
2E8922EA74DB5ED08BD17FCD10FB4E15414591075CAE90F4026C51D6D1B8928B,com.youloft.calendar12,Calendar
2E8922EA74DB5ED08BD17FCD10FB4E15414591075CAE90F4026C51D6D1B8928B,com.youloft.calendar12,Calendar
51E4DE7448B4FA7307B7D1A0F59448C57B7DC80096C5CD62D00261917F03E8C2,com.padad.hapay,Calendar
6CF825F0E79AFAFA2EA65A0E488E6C0385427C43FAA3E3345FB019BDAFA2B53D,com.islamiccalendar,Calendar
810B46BF3B9C3F633EA6F7FCC0DD05C019399EE267AE0DE1FB365DA7A59D908D,com.youloft.calendar12,Calendar
778C4BA899BADB1B16DB2B6A46144B84BAB270324BABF59884AEDD09BDBA6E68,com.youloft.calendar12,Calendar
810B46BF3B9C3F633EA6F7FCC0DD05C019399EE267AE0DE1FB365DA7A59D908D,com.youloft.calendar12,Calendar
A6F426001DA7E8173E02FF9A0400D11D64ACD4AEDDE01937DA72DCD42FA392C4,chat.appfactory360.com.lovechat,Dating
6105555B06E05911E72D4667BDFA5DAB82C5EFEB494119DC0FCA197CA4D88F50,fogsocial.umatch.chat.flirt,Dating
56CC01FC1A8450BD45AFA353AAAA2E4E4DF961110B0C670D8E5716406B38877A,com.ouyi,Dating
45AEAAD0E9F8B45EB63DAFE1BDB15C68BD6F43C7AA4C11A856E6AFE38286DF43,chat.appfactory360.com.lovechat,Dating
45AEAAD0E9F8B45EB63DAFE1BDB15C68BD6F43C7AA4C11A856E6AFE38286DF43,chat.appfactory360.com.lovechat,Dating
C269558152177CD804C418D71EF121A2396AAF72E155F76A9E054C74B5757BC7,com.CasualHookups,Dating
A6F426001DA7E8173E02FF9A0400D11D64ACD4AEDDE01937DA72DCD42FA392C4,chat.appfactory360.com.lovechat,Dating
44EB9FCE7676F7DB07D77766DA0168A7E82FDB835915FAEC2E5D68E587FC8D5F,com.truecaller,Dialer
A0CE326FB3DD1DF4C05E382D65D4EF6D748A3D3FBBCA9F769D715A8455E2B026,gmv.oenud.nkezd.kljhi.njn,Dialer
6110D06FA16CB55ABEFFFE93B115906594964F1762615AD77200D3629FBF0CD6,com.clrfulcall.scrphflash,Dialer
AE4384C5B11A66E8B3BA5FCCD67F2E4B09D0EBE623418B8E6F987681B9FACA0E,mcs.jennf.lout.shar.lov,Dialer
7019E24EF3086F2E17034275BCE9BFBBC7291EBBF9EE91FED3C9CFE501D3F21A,com.funnylovely.fakecallgame,Dialer
F806F0A58A726CAE3F7F435D71DF5A9585ADB734DEE316486AAEB8A40AD84C12,com.creative.mtracker,Dialer
FAA5D74BC19B9D67808FB7667559E25E30A475FA4558317AAC633BECADF6550C,com.developer.mobilelocator,Dialer
343BE29789C980DBB3AED6D05D14307EE87EF261A5B88088CC07B093EF103FE8,com.greetingcardshop.i.call.scree.free.dialer,Dialer
A0CE326FB3DD1DF4C05E382D65D4EF6D748A3D3FBBCA9F769D715A8455E2B026,gmv.oenud.nkezd.kljhi.njn,Dialer
217B3B1E1475DBB7FDAA6047DEF73AB7B3EE477AF43C8E37F42799946C38CCD3,com.indian.icalling.full.screen.caller.id,Dialer
29DA6E0BB1FF4C514082F0D3CD999B31FBD7BBE322083FE42E967DA9EFDD1211,ctsoft.androidapps.calltimer,Dialer
1F3BB91035C2C248BF2FC5821072C8B528C2CEA95FECF77F8F0511D4298011D4,com.TrillionPhotoCollageEditor.Color.Phone.Call.Screen.Theme.Dialer,Dialer
44278B7720EE1039F61B1EBFF02AE0C2A7E5A7ED48B9B1856B31C600C597C939,com.developer.mobilelocator,Dialer
7C0B099EAC3B1AB39C602865390545997001EA6AB796F3AB422D1E2A6ECB98A1,com.developer.mobilelocator,Dialer
6110D06FA16CB55ABEFFFE93B115906594964F1762615AD77200D3629FBF0CD6,com.clrfulcall.scrphflash,Dialer
87D8DEE305FC34FBBFDD54C7021A801D05D022A97956CDBDB7DF9660CB167AE2,com.creative.mtracker,Dialer
33DE2704354BB68E86C321AD442054A118F2E0B701CE470CA7215B474C68B696,com.creative.mtracker,Dialer
549F69F4DB56F1BA77E3E5A7AEE85CA9E7A57B8CDA823FE14BB268F35FDC5000,com.creative.mtracker,Dialer
6F4F98057C1182725200B2D8057DF15341E87E100775401A1FB64D2FCD06856F,com.creative.mtracker,Dialer
AB0611980D8AA1AE1C0E702A02C4D5D2E7EB4578682ADD53FCF9FE7F5BB4B0D5,com.color.diy.aligame,Drawing
B5CEE87BB780383F1B3183A897794B7A4F3EAEEBEA997B1DD3A9837B3F7B3B0E,com.coloring.book.app.free.color.by.number.princess.coloring.manga.cartoon,Drawing
245191B754D668125451275ED0214C693A14B47E7C6AE35DF15AB8F2EC58AE73,com.princesscoloring.elsacoloringpages.elsacoloringgames,Drawing
23FE5D17CD122976E64EBB32635D60C718574344C199E75F93D54F6509C09C93,com.free.draw.freecall.coloring.manga.kpop.naruto,Drawing
B5639D7603F316406A7CCCF326539EAA1055D5145E545C74109DCC72F37CA56D,com.draw.coloring.free.colorbynumber.how.to.draw,Drawing
089E389316315A08694A4D7B01026C12FADE6CB7B9A22468DE529F8BCE39C006,com.face.physiognomy,Email
0A8D4FB07BE62649DE6AFF5E647ABF1778E52C44DFB4044B2194270EECF4FC54,com.iym.dailymoney,ExpenseTracker
784E0860E67402661CDD5B48C51291D00C1164C6DF665F9FF01590B0F5463AF6,org.joa.zipperplus7,FileManager
A470FC459A20581C39A81507005225A8637BE9A91F24DBC02B1B9A9128B21E1E,com.tiger.takeout,FoodDelivery
69CDA232AE516FEE5E8197B8CEE16767D17DDC1DC71E34169D254D17138F2D50,com.mobincube.android.sc_3SXWBQ,FoodDelivery
69CDA232AE516FEE5E8197B8CEE16767D17DDC1DC71E34169D254D17138F2D50,com.mobincube.android.sc_3SXWBQ,FoodDelivery
91F2EEB7A4D2F09D63C0DE8F6F30A882A5FEAB8181C6CDB31FBC0B6322E99419,cobo.wallet,Investment
4B3E198FB7803C7FB35A5AFC76578E654B590A6B6039BD16671CBBF3DBF2BEBB,cobo.wallet,Investment
B1356A7C7B58F22073E998D9EA8A73759B13F79F7C0A68ED05A85FFFF73CF217,cobo.wallet,Investment
8EF5BFDC1E9D395A401A4DC5AE02F6D4A9E5F473D6AE90E1A944994B7E391792,cobo.wallet,Investment
45EC324CFC03A5D20912CCEDA28292C266CF818BD6359E82B435D36B06DECBEE,com.ellipal.wallet,Investment
3553D899F011463042D2558B365737D6682EA5D090F42F55E5B6044BBABCA062,com.wikifx.wikibit,Investment
4B3E198FB7803C7FB35A5AFC76578E654B590A6B6039BD16671CBBF3DBF2BEBB,cobo.wallet,Investment
0F27CE1F3F7EF147E636758AC56F960928809B166899B9B660296F8C61AFD6E3,com.rynat.xtrend,Investment
6F344AC37D6080FA1EE196C967F1376D1967E74F3A0042EEE9F0AFA8BBB45772,com.findjobs.canada,JobSearch
A680F8ECE2B731F6BE910383A9F12DC587403842BB3686FF0831BC889F57749A,com.wimPaths_3983153,JobSearch
3D73A599EDC8E3BD7913581A85DFEDBB789FE66C3779EB7AA06E8AF94E4C6599,com.wJob1876_4384859,JobSearch
3D73A599EDC8E3BD7913581A85DFEDBB789FE66C3779EB7AA06E8AF94E4C6599,com.wJob1876_4384859,JobSearch
31FBF00E137746B7B41F796BDE58E239341112018C06FC840860CEDAC55B2E14,com.anysoftkeyboard.languagepack.french,Keyboard
1DD3765B0036F6865A040F99FEA27B9148E9F5D1B3BA5E24407B665D3B292039,com.ledlightwered.keyboardledtheme,Keyboard
1DD3765B0036F6865A040F99FEA27B9148E9F5D1B3BA5E24407B665D3B292039,com.ledlightwered.keyboardledtheme,Keyboard
5E4DE923263F545BCB38079C4A6589DCCAEA745E67DCAC9717A6961253A7646C,com.freephotokey.easytouse.randomkeyboard,Keyboard
5E4DE923263F545BCB38079C4A6589DCCAEA745E67DCAC9717A6961253A7646C,com.freephotokey.easytouse.randomkeyboard,Keyboard
1E014660F856BF7A8F3A1033BAD1739E8C9591F1AC848AE54A60BA385562232E,com.rastacampur.keyboard,Keyboard
F75372BF1F408211D8205A3F971BB33D5B559CFC5540A58848D9091FA6D17FFB,com.delux.Keyboard,Keyboard
909C3C9DDD1044BB11DE6DBC673EC033B4BC8385410DAE3B4E5ABE81FD28CD74,com.cootek.smartinputv5.oem,Keyboard
61C85FF957AF45928B3000D7B00D9E443BE125DAAFDE066AED69DF3F363675C8,com.cootek.smartinputv5.oem,Keyboard
31BE9B3DC4DFC26CFDFBA433A4FA9A77FEB6D3D2223697DA916103844BDD538D,com.mobincube.la_fonetica_espanola_audio.sc_3ZYVUW,LanguageLearning
001E53DDA101AF19670FBD7FB5D348B21641036240895F6985BFE2018073E887,es.aroundpixels.hsk3lite,LanguageLearning
A5FA837250DD24342A061079B1C4F0AA86CF7E94AA22478E51600B43C92BEF5B,com.apps21.cursodeoratoria,LanguageLearning
87ABDC5EBDB27168CF0073F410D7C95337DB3B900C62AD15482A8A62C7B38D94,com.apps21.cursodeoratoria,LanguageLearning
165938C50CE4DACC13896984EE04FA731A46056EF1C2F53D7C10A1717A552790,com.apps21.cursodeoratoria,LanguageLearning
E346A59614A108148C0B7A4DC8864BD262175E7600ECB56854750E88116DCBF6,com.apps21.cursodeportugues,LanguageLearning
B20550083D17C16F91C574A3B75B86F90763603B64DDA4DE3B504D209B8A9858,com.innovapps.tecnicasdeestudio,LanguageLearning
8F4BDFB3553426C87EF92DD817E5902D9D7FEDCD10211DEB868416A250F1401B,ir.jamepronun.cafeapps,LanguageLearning
72DEB0DCAE92F330FE046DFBE0283FDFFD960968970D7C91464A2D8A54DAE4A4,com.lomolsoft.language.learngreek,LanguageLearning
E58EFBFE9D3CDD28A95396CB041016ECB61DC8B37BC7F5C0E15D60506E05652D,com.engword.comm,LanguageLearning
01B8D58295A3000540B9EB2A53B5078393E84301D031DBAAE08C595FCCA4007A,com.engverb.comm,LanguageLearning
31BE9B3DC4DFC26CFDFBA433A4FA9A77FEB6D3D2223697DA916103844BDD538D,com.mobincube.la_fonetica_espanola_audio.sc_3ZYVUW,LanguageLearning
1079124FA47687F941267CD75CEA1B93906D9A98B039AE631EA4A62A01E9D1C4,com.wItalianClassesVideos,LanguageLearning
5DADBFD1C03C3D4F15FF1DF1C4463D63A3DBC874106FD5DACE0C4CC4FB771575,launchserfor.apps,Launcher
17C39FA7BE72088485F819774DDD55581DBDCC1AD7384781D680D86709D33146,com.guiji.launcher,Launcher
83E0AFC298ED3449F6CFA4A1D2744E90207FDD9B9AB22B5BD579ED4C8AD4299F,com.guiji.launcher,Launcher
6C31D81B65F8294A9C5E999AACC09D16CD464BC47FCABD5A5DBA078254B91C0D,com.mobi.screensaver.hot6,Launcher
3E3FE278CFB08F5B7ACB200F13D92FFD9AD05C575959710F85521E4F7B254938,com.dd.launcher,Launcher
611C57001431FE806DF10F7EBCEB57C9C4D0BE47C14F74C35FE6702118972492,com.guiji.launcher,Launcher
3579B91319C1272DDA28707674981E28659DA64EF1DA90530FA68CE92D9FAFE4,com.mobi.common.main.mla71,Launcher
B318C772EC78BF11942154E80D76AE87B496EB745F50C8D52D54A32F32701F7C,com.greetingcardshop.waterfall.i.call.scree.free.dialer,Launcher
E4614E6EC92A1A4B3153989A31CEA51D5B4CA617416A99EF2F0174F8F934F37F,com.dd.launcher,Launcher
E4BB76F44349B09DC98D43D92D4A4C2CF5CE1F70A49FA0BB2C97807420F2F955,com.strahlen.plus3.t.icon.theme.launcher,Launcher
E50C838EFC6357B0B63AAC1038BDFBEC5A4F49DA91A98DBB81A40131C0EC40FD,com.v30phone.phonev30.phonelgv30.v30lgphone.theme.launcher,Launcher
012FEDA5971D0086B0C410C3732684405C70C133E0E54B19EF389F2224902156,com.strahlenapps.g.pixel.icon.theme.launcher,Launcher
21826A1A65AAEF7073CFAB2016BD070A46D2FEF454C3232932A7E5E7C34EDDC8,com.strahlenapps.moto.g4.plus.icon.theme.launcher,Launcher
6C31D81B65F8294A9C5E999AACC09D16CD464BC47FCABD5A5DBA078254B91C0D,com.mobi.screensaver.hot6,Launcher
FD9BE219DA3371C5AD367D793506C4134D7B3ADAEE20BAE3D60B3EB21ECD9E6C,com.guiji.launcher,Launcher
ED39B6ABC7825B9C086C4476872B1CC056488DEC42E5E8560C2657E3F41EDD13,com.launchers20.s20launcher.launchers10.launchers20,Launcher
147542037F6D440027611DED652AAD36B8819C9B12A42D49B78261E879EF9E6A,com.strong.love_edge8,Launcher
F6D576C33693F3DB1EDD474A1282B8D8CEDD2B27640EB482BAE08195A11340A3,com.guiji.launcher,Launcher
A4035695B58D9AB36C256201478BB30F420BC1CDCB9C2669DE439F327B96FEEF,com.strong.love_edge8,Launcher
9F29B03D2C7E10F53B417838AC6A3C88CD8CB1E68C23AAEA47E7AEA269EB9EA1,com.redmi.note5.redminote5a.redmi4g.theme.launcher,Launcher
E4BB76F44349B09DC98D43D92D4A4C2CF5CE1F70A49FA0BB2C97807420F2F955,com.strahlen.plus3.t.icon.theme.launcher,Launcher
555DD6871914ED92733C63021CB8051029A1EE9E958CCFA65A89C2E349EA99E8,com.strahlen.galaxy.on8.icon.theme.launcher,Launcher
9F29B03D2C7E10F53B417838AC6A3C88CD8CB1E68C23AAEA47E7AEA269EB9EA1,com.redmi.note5.redminote5a.redmi4g.theme.launcher,Launcher
DD77312696A8695D2AF5590045C613CE9F40912696EDEC62DD01BDBE8E37424A,com.strahlen.huawei.mate9.icon.theme.launcher,Launcher
7351CFBCEB1AD19F6C415F8654532A52741DEE62500DE7BBA2F21A1521749678,com.strahlenapps.note7.theme.launcher,Launcher
787B23EE45333E4E5075001634CC8F90338AD84CD2DF3C3D91C4D360DBA422E1,ia.s7.samsung.galaxynote6.launcher.theme,Launcher
8C5674ABE27E07575CE984B9C7E72ADDF6D7E1334BBDA03A1D0B18BE05777967,edu.care.j5.j7.c5.marshmallow.launcher.theme,Launcher
8716F31B002916642B6B14755AACF9B5CF05D10C76C22195FB07E7FC2E8A6C8E,ia.s7.samsung.N7.launcher.theme,Launcher
D6969259F7E6CED6B95C1931B08D9D2D79668A13C6AECA630276969576D05AB2,com.strahlen.lenovo.k6note.icon.theme.launcher,Launcher
5DECB9244DA906C943362F4DDF4897AC290EB2A896EDBABA0517B1F915428CF5,com.pixel2.pixelmobile.pixel.pixel2mobile.theme.launcher,Launcher
511E34E35F38AEAE9EA2019C333C26C31B4C8A9ABFA99150752670FA7C81B110,edu.care.j5.j7.black.marshmallow.launcher.theme,Launcher
555DD6871914ED92733C63021CB8051029A1EE9E958CCFA65A89C2E349EA99E8,com.strahlen.galaxy.on8.icon.theme.launcher,Launcher
24B8F818E09B435D868A052FB29CC086A5584B55EBE3D8CDE22ECC42FF1B2970,ia.s7.samsung.galaxynote5.launcher.theme,Launcher
7925C579278B6A7786C8BFF311C8DC29767FE88C867482662EF5E1B41E39246C,com.gau.go.launcherex.theme.quietness.flower,Launcher
94BC479181A2B7F2A9B233EA20E241FABC00AD8600EC0F4E4083675E45FACCCE,chats.message.sms.brief.sms,Messenger
A5263CB74297DAF7F2780D04C89D9F79C2402090793C2882AE297F7F4B207529,com.leadapps.messenger.recevied.sms.gp,Messenger
55FFA199A3F3702F1B799709BABB6C3E7127336FF771CC39AC001C06DEABA2C0,cer.cheerUp.sms.messages,Messenger
40EB0337CF8544C0812E887D0E43F775D4F7A14FFAE25BE410B51C6FD04012A7,com.messageservice.androidapp,Messenger
11C885002F956AB65063A280D0985A30D895A21240C8FD5D4948015D29DB1002,com.life.messenger,Messenger
6B88FECE70873C6A6F1ED849F89B40678AC05803A094C59760F895C7B878BD17,hk.com.litemessages.messaging,Messenger
2A5884A02EFD5DD2443E976A928BD5F10D147FCF8B199C1E6A9705262AA7AE62,shunfeng.free.text.messags,Messenger
DD72D2266A96993308CBA096A9DB112AF82A3DFD0751C934FAB184F3D1A587EC,com.fly.cofy.messages,Messenger
FA1C6E482315447FD4E901D2A7FB9526C944DB077AC7E4FCFEA576302E4ED737,com.yartade.soriba,Messenger
D787EC23982CA3E4D86AB0E05379A54AA1AF63D360E66F9673AC1092E23C494B,com.liable.lm.sms.message.receiver,Messenger
F28AB76CDDCD8818944251487102AD99C3E476E6681CC33840E0D0872756B0A9,com.uniqmmsg.message.unique.shareinfo,Messenger
AE1B69041DA0D687D28DA16588B52CE8D4E7C4A1BA32D0A1D6F9709BE748B6C9,com.gb.rexd.what,Messenger
88A2492BE7BDBA5355ABCA452BE23870410703563AAEA8C9BFD79DF56E1D04E4,com.appgb.gbnewpro,Messenger
86D9CD75A9C9BA1810107B32A634A904AEE426A4688FAAE5896279DCBB22F939,com.appgb.gbnewpro,Messenger
04C287C55542F7BBDBBE17F646FD96F53E543071F5C9FAF34E65D475C036F51A,com.gbnew.prowats,Messenger
28E4FA6E20CACE11A43A05E17DA80FFB9BD5411814C244EDC4FF75E5005FA9D8,com.gbwatts.goldwat,Messenger
D6F6D0DA118550AB0C55191F98285CC151DF9B0FA7C91E054C289B38B16B0A37,say.freetext,Messenger
649DA0000488DE56BF55D33F42CBB44C6F39210C516DFC16DE64665A97D4F198,com.le.magic.tsms,Messenger
A651F3A73A20FDE48E4A6AEA6B81EB824F967ECABE8E316666D033760781D94B,com.appgb.gbnewpro,Messenger
18F13A085275F499298B3B19905656C81A1CE75628A0DAFB61FBD259F2C7D36B,com.appgb.gbnewpro,Messenger
A65C0D835EA334D34627BB8CCB397078DC6C60A4D5828B456ECAC0A1A8D98EF1,com.apps.whtsgb,Messenger
F124E376C26EA3CD93A080E0EAECDF3ECE08A86E959DC2D23C426870308AFD4D,com.affluent.messenger,Messenger
1E724A5AF76927106EE92421412AF62698707D1D44A9891F91B3C6902F1780CD,com.comeback.myside.sms,Messenger
DD72D2266A96993308CBA096A9DB112AF82A3DFD0751C934FAB184F3D1A587EC,com.fly.cofy.messages,Messenger
55FFA199A3F3702F1B799709BABB6C3E7127336FF771CC39AC001C06DEABA2C0,cer.cheerUp.sms.messages,Messenger
40EB0337CF8544C0812E887D0E43F775D4F7A14FFAE25BE410B51C6FD04012A7,com.messageservice.androidapp,Messenger
FA1C6E482315447FD4E901D2A7FB9526C944DB077AC7E4FCFEA576302E4ED737,com.yartade.soriba,Messenger
94BC479181A2B7F2A9B233EA20E241FABC00AD8600EC0F4E4083675E45FACCCE,chats.message.sms.brief.sms,Messenger
EF4E88FF935B51F4B846082AAFD76AC676F6D9AE0E5FC0EFEC7F1D1DBB42CE7D,com.forU.sms.messager,Messenger
D787EC23982CA3E4D86AB0E05379A54AA1AF63D360E66F9673AC1092E23C494B,com.liable.lm.sms.message.receiver,Messenger
93C7713A70B5AC9D4747EF556BA91525CCB29BDE5E85E2940D3B735D0FB95AE9,hello.text.sms,Messenger
EF6B27AFB7D2DE92E0F9EDFE441F9BF5AD14A078E6BB9CDB22C432A74F28E052,com.kelince.sticker,Messenger
2A5884A02EFD5DD2443E976A928BD5F10D147FCF8B199C1E6A9705262AA7AE62,shunfeng.free.text.messags,Messenger
FD67AD4B2AEABBBB108A660B4746899B428B2EA38AEE0D145D74CE4A87354936,com.gb.rexd.what,Messenger
F28AB76CDDCD8818944251487102AD99C3E476E6681CC33840E0D0872756B0A9,com.uniqmmsg.message.unique.shareinfo,Messenger
8251A9F6E2702680AF1598B55D9220CDDA7FAEDBAD14F2C49B3FABFF07F08A15,net.sdsingle.tunnel,Messenger
0A5CCCC529A35AC30040364DF2480FDD41D7E381FC8C531BC9BD1A698E491A57,com.droid.smstrash,Messenger
AD8E7F05BAE30B0DDF79AB71A978CDE4AC2E11DD591BB692A7016A715E18443D,com.max.messenger.freeapp.maxmessenger,Messenger
D6F6D0DA118550AB0C55191F98285CC151DF9B0FA7C91E054C289B38B16B0A37,say.freetext,Messenger
1E724A5AF76927106EE92421412AF62698707D1D44A9891F91B3C6902F1780CD,com.comeback.myside.sms,Messenger
F124E376C26EA3CD93A080E0EAECDF3ECE08A86E959DC2D23C426870308AFD4D,com.affluent.messenger,Messenger
F50128918A3332A4760A7844F5A87F8D3EE92B1A263798B2088815F008BDAB32,fr.androidpourlesnuls.com,MusicProduction
08E28DAB5661F3B8E9D36BE956A56ACFD71091BFBB7DB475FB1C5B3BFFA58FDE,com.bass.boost.equalizer.music.pro,MusicProduction
2D5463A3CB4025461D639F4B322A9511019E81D7430D6F9BC94FA772D478D9C8,com.apc.browser,News
B93CCF2BACEA4760379ED740C14C883FDA6DA127C8E3408F39608895A5AF1F7A,com.wApnaBulandShahar_4620013,News
F4D0FD1C535EB2B0D2C09405C46FAC839D6B0A54097B424616F1E9C65BD614F2,com.www.almasanet3,News
C42BD0C3E6219636BFD45A21D2BF51CB77D2DCCBAC9E1232BFDA9F70F1F3B7D1,com.goodbarber.blueridgelife,News
9B4E6F5E57F903B313AE9172BD9CBF744283A31749876DBE79089D33B033CC66,com.wAPNS_3838925,News
701567D0FE0E6CEC945BA1843D33E81225F34B41389A0BD7696675B4E39DD55D,com.appybuilder.yudharinanda1995.The_Chronicle_Herald,News
C79FA03B1D610139606BB62E36CD5CAA6F2B8D072CF1E53510CEFED1712DF2EF,com.wDailyNews_4432838,News
69C558902D388C0216379785604A44CBADBF7E387AFDDDC202E9DB010A08D29E,com.hulutan.ppmsdnsdjdnjm,News
2D5463A3CB4025461D639F4B322A9511019E81D7430D6F9BC94FA772D478D9C8,com.apc.browser,News
D7B10479612188FE26F1C2EEDEBE1322CA810E1AA7C0D213EF226A8184BE66DD,com.appzkart.newsfeed,News
6C2106D311645081500C21CFC9566FD3FDA967C3B05D554DBA6E09DA9DD5888C,me.shouheng.leafnote,Notepad
055DD3FB2E0BC9EFAB108FD15D772CB4659A6F01D2C8E7B59B2E104E19022DF6,com.wHotelsChilebytritogo,OnlineTravelAgency
F8F4F502B0BF463608D08EA67FFDA6DD429346F928BF78338E878AC190A3B990,com.wHotelspricesFijibytritogocom,OnlineTravelAgency
2692A24B3D88FC91D7F745C2CB3D736A9A8E5C809EBBCF2A4A2F317DAF0E2784,com.wHotelsAntiguaBarbudabytritogo,OnlineTravelAgency
502C4DC4A83693677858E573A01E2166682ADBDBC6CA3E8825D6ACBC45BE4485,com.wHotelspricesDenmarkbytritogocom,OnlineTravelAgency
055DD3FB2E0BC9EFAB108FD15D772CB4659A6F01D2C8E7B59B2E104E19022DF6,com.wHotelsChilebytritogo,OnlineTravelAgency
F8F4F502B0BF463608D08EA67FFDA6DD429346F928BF78338E878AC190A3B990,com.wHotelspricesFijibytritogocom,OnlineTravelAgency
2692A24B3D88FC91D7F745C2CB3D736A9A8E5C809EBBCF2A4A2F317DAF0E2784,com.wHotelsAntiguaBarbudabytritogo,OnlineTravelAgency
864081B3FB0F6E3C95B9BE0EBD125D4E29A88DC9F7AFAAB9D700AE84B9517FCF,com.blender.photoblender.photomaker,PhotoEditor
4E038F9FFDBEFADB4CF389A19B6A4E97AB727BACA74EBCCA68370381CB4F3EDD,com.mobwontools.pixel.blur.editor,PhotoEditor
629C08D7191CA256E71DBAF317B2906D9430B42F32A0D7F5A102E9AA4D162DA2,com.magicvcam.hdmeet.cam008,PhotoEditor
AFE7BC98E845B95E3D23F8FA33E12F648FE98671A3884108C28FE1E1979147C6,photoeditor.picsgrid.artvideo.photocollage.layout,PhotoEditor
4CF43BB429AA560029323D0C68BF69BE38BC165D137709A48FA90E12CF508CF5,com.glitchVHS.glitch3d.vhs.camcorder.effect.glitch,PhotoEditor
4D0A33C251ECE6BB5EBE209951503AE727BF160F9C232711DEF8818BFC835BC9,com.blur.img.png.jpge.fast,PhotoEditor
1630D875ABF88E246EE8B50B9D38CB10E76EB7351056C43991CE094A3A8DC43A,com.camera999.super.photo.editor,PhotoEditor
AA75E260FF5DFF28D460DCD42B597C1A35A43A7976BCD2D5DFC1537446DA42A2,com.magicvcam.hdmeet.cam008,PhotoEditor
A217F6890BD460C77305B7CC290999931FF4C381310EF61F68D3C12AB6D472F7,com.adobe.psmobile,PhotoEditor
4F3D9EA642501A87D3A7AE59A27628D151BFDB24FA81E55E586BF2A9BFE88EBE,com.ibs.funnycamera,PhotoEditor
5643997862B59533C700469DA557E9BBD84792D025377D84CFC95DD31A06B0D0,com.magicvcam.ygycronus.camera.magic,PhotoEditor
AA75E260FF5DFF28D460DCD42B597C1A35A43A7976BCD2D5DFC1537446DA42A2,com.magicvcam.hdmeet.cam008,PhotoEditor
8304DDA66812D290965084E45765346F06525EB07202C9FA7F09795D22FB9EE8,com.biggerlens.photoretouch.inapp,PhotoEditor
172AFE65939D31AE5E4C1BD77D2CC80F79C1C9932C447B0CE12B6DF0F63470AB,com.tecpic.Splicing.edit,PhotoEditor
57EC273D8091B2768945CBCE13819F6B1D2811E98FE7595376DE9DC15597E265,com.magicvcam.mine.ygycamera.magic,PhotoEditor
2A596E343A18AF7D68C7BF0B975C51AE3104891A4BA98ABE27CBD09CE4978CDF,com.tools.blur.master.editor,PhotoEditor
A2DB58C597EBB6BAC9EFFD6356DE9849962206A3B22793FC3F04F0FFFD3AFCF3,com.pixelmator.android.feather,PhotoEditor
B888FAD8C88C8C74825E426905CE24B60D0CA7ED62EB58B952D945206AAB7B43,com.gee.camera.open,PhotoEditor
4F3D9EA642501A87D3A7AE59A27628D151BFDB24FA81E55E586BF2A9BFE88EBE,com.ibs.funnycamera,PhotoEditor
4AF37099442C100C48FC9064BB58F2E5855FBF89BDE74FDF0E2C7B46693BA4DA,com.joyapps.twds,PhotoEditor
7EA4358A38B2A145461BE8EDE5D0B0C5F2C113B501416DAF2174EAFD7E5D3627,com.mobicloudit3.pencilsketcheffects,PhotoEditor
B3D93FE6CFD0B764B7A17B79E8D5201500E2FF32F723DB6111968CA5E248A9D0,com.photoeditor.pcm.pic.maker,PhotoEditor
B7ACA3E5517321003B5C6BD19C6BD206EB0449769B80408D40020925F54FB3F2,photoeditorfree.photo.editor.collage.maker.photocollage,PhotoEditor
1FE6381D156C53E8A15969CC2E84ACA603E3BEE84A6CA1A7231994C3D211AF98,com.Fotographers.CutPastePhotosEditor,PhotoEditor
1FE6381D156C53E8A15969CC2E84ACA603E3BEE84A6CA1A7231994C3D211AF98,com.Fotographers.CutPastePhotosEditor,PhotoEditor
A016341C01B717850F81A630E7D5DCA0B968ACAF5E1BFC13739CD2862E83873B,com.likesme.onecamera,PhotoEditor
E811AE25EFB7B09477F8C10C3BEE15D330E46373F005AB0FA22FD29DEA8262EE,com.Fotopix.MirrorPhotoEditorCollage,PhotoEditor
75C50BB58B52D16D7A7D0EF6424429B4AA21236825B939841EF9534E5AFBA563,com.pixelmator.android.feather,PhotoEditor
04F8E1EBD7FFF1E7B2C14EF02B6B519172A035EA37173C5C3B69065245980874,com.pixelmator.android.feather,PhotoEditor
629C08D7191CA256E71DBAF317B2906D9430B42F32A0D7F5A102E9AA4D162DA2,com.magicvcam.hdmeet.cam008,PhotoEditor
4D0A33C251ECE6BB5EBE209951503AE727BF160F9C232711DEF8818BFC835BC9,com.blur.img.png.jpge.fast,PhotoEditor
502D1B006FFC169A0BB6CB926205F7F80F545C56CEC958D1E5FB7DAFF07237F4,com.magicvcam.hdmeet.cam008,PhotoEditor
653514976A5AE3563F60BB0DFC2E1C02C9C0C8C5D0FF4EC30957926C562CB99D,com.dagaohan.allphoto,PhotoEditor
74890DE6ABBCB05E72E08061FBBF9A028E9F0475BC2844C021BECEE03C3DEB26,com.aerotools.background.auto.changer,PhotoEditor
A89BB9CBB94C1F43E4AE34B24DEDEB4E1BA46358EAF2FF5C9A3E955C1E698127,com.photoeditor.background.change,PhotoEditor
A2D86C4549DB868840F21E5D466A7628E0EF1E6D15D83D9F555406B3D20450DF,com.cutout.photoeditor.backgrounderaser,PhotoEditor
72E984879A9B102DCDC9A314D2716651E2D5E7AC92655D194C6E6F69D348C2D2,com.photoeditor.background.change,PhotoEditor
B7ACA3E5517321003B5C6BD19C6BD206EB0449769B80408D40020925F54FB3F2,photoeditorfree.photo.editor.collage.maker.photocollage,PhotoEditor
B3D93FE6CFD0B764B7A17B79E8D5201500E2FF32F723DB6111968CA5E248A9D0,com.photoeditor.pcm.pic.maker,PhotoEditor
ACDDBCCE565F09F4B43F4A5216D1E45D15CEED159BBD45201342BC39CDBA2E03,com.app.ourcouponbook,PromoAndDeals
6E8AE8C7C017100E045C439657E1173998CEF4253F141C713D707EBB6A0B04BD,com.mta.bustimenyc,PublicTransit
EC33FCFAAB0C07CB48287E705CFE7398ACB6179413B122D85CA722A9FF482BC2,com.mta.nyrmtabustracker,PublicTransit
5B29F2A4D30A0F1139FCA6CF3085C88B705F1A23A4F6FEE118CF7AB85F8ACA3B,com.ninetyeightideas.nycapp,PublicTransit
D1C86079BB813C63ABB39B07112B46C7DD3CC37B37669170C877A1992AF22E9B,com.jmd.busservice,PublicTransit
1667CED669000B6D3C56EE5384748B671179D084AEC9CE741A53092FE9FA5AD3,appinventor.ai_acegfxwebservices.Djonlineradio_ver1,Radio
806073C0371DFFA41666C49A04CB55CD9F150F0F91CC99BCAADF90754D722D78,com.appypie.appypie864a7eeba7c8,Radio
C6232AC02C046546A3DC88A14A6C8FF400D157D57C8D13110A02D6A43746D024,com.KeithAsford.DZRHRadio,Radio
A0C419CE4C7F80D7D7DCE3D2821D6625C1F54D985F84C27BACA62AC12DE4E8DA,com.rinkijain.RadioRusskij,Radio
5677048D042A4E056181804B6D61AF917F996CA511BE1ACFC92164F2C389FA07,com.Debgreatapps.Musica80s90sradioretro,Radio
23E1472BC0331844FC0BC1AC5A8BFDFA658F8FF309A4E9FC78E1BE7A251C3713,com.KeithAsford.CadenaCOPE,Radio
BA7D435F7E69D957ECC165C752196A37526B59B9D418F9594EEE44D96C2F73D3,com.gongjin.cradio,Radio
059D4D81ECB9FAC241B0F9BC9150C09335F69BA815AA3891D819C2221E86174F,com.KeithAsford.TheDock,Radio
95AE9C79EEF24E447D4853F5F84907E6C6BA257C0AAA7B2D2CD09FD3361EE746,com.KeithAsford.RadioOne,Radio
6F8A88036BB71E37A0BFAC2D4A0CC0254D9AB5FD3EFC6E9A5F73C7FD1583CF6A,com.radioadv,Radio
1A7B833056A5CEB390B1582CA3BEE4E15AB4EE18F7926C6B0465A3D11FA9356C,com.Debgreatapps.Musica60s70sradioretro,Radio
84C1602F5021AA398CFE1E23129E044F7C2D392495D213FD30AE6465B2E27C21,com.app.appc63d24121743,Radio
9BEC6CCEE33BE648B6B360E2B3184AB36CCBFA5E84E2FA6ACE2565681035C0ED,com.KeithAsford.MJRadio,Radio
6CD6735F37FA0CB5457FDFBDD661BC95F88FE5247B810D573ECC17B503A24651,ww.nicholas.app.sajklqw,Recipes
960F56E15A8822CF4F5DBA03698E8BC165A05D6253CF1D2C856B0D4AD083762B,com.xiachufang,Recipes
626DDD2F52B9460924E7C976FBCEF2A39B8D701256B1EDCC2DB5541398634655,com.MemberMedia.BestLowCarbRecipes,Recipes
A787C70E1B8935955393FE21321ECB685E74EDD3F6B851F3E105D2A47899FA01,com.TheLatestandSimpleDonutRecipes.Riskiapps,Recipes
0B8E33641493C4AEAA8415582D94CE5ECC844197A37CA84C1088C75DE94E2480,com.PinnacleLabs.TvRemote,RemoteControl
5E7B7B1905CE363F46A55FADBA784C1A0FD4CFBE94D610A384EE6F25FF7DEF06,com.remunn.versaot,RemoteControl
549A2DEC5122BB21DEA97BF1BF3F9CCF2E7DAA2679407115235D2A1523D806DD,com.pir.remote.control,RemoteControl
024C2BD98208F009B52EFCA0958ABF9B03580DA3A572197E05954274EBE169D7,com.ephcontrols.ember,RemoteControl
2D8A665D0C5AF0F2CF3F51C95732F749B4D1A1031B5D974E8AD28FED316E7F96,com.pir.remote.control,RemoteControl
D94BD6AB5D401D6C34522A32A0107AEA648E73AD78374D4DFC613AE2CD976D4D,com.yacy.remotecontrolfortv,RemoteControl
036981DE696C15CFA285C62680473F373EE8927900C728D453E8EE7D405A1B36,com.Infiniti.RC,RemoteControl
392D5D574B041BF3DA0812A9E383F0D6CEFD562AEDCEFAE1DF918022C972E940,com.aluppiscooter.aluppi,RemoteControl
547C7D8EC0551CF0BD5FDD859925FE8310CA1A07C650AD4E9E35444DF4B1B425,us.airconditioner.remote.tools4tv,RemoteControl
B2EB9F253B5FDFFDD35854A77DF647DD9547588D7B62BA9DDEB9A4F5D98D4F29,com.forwell.bledim,RemoteControl
28A30D2089C2E2BB5F75385200E9BF6718FD77C22F3D7BD548DE3E2B7C6DD15F,com.duo.wifi,RemoteControl
CD47E8A4E97420A436BA8B698FAF9098864AA98A94D90943B5EE3EBD6C837FEA,com.Digitalnet.UniversalTVRemote,RemoteControl
009AACC5A4276BE4E16C6E5890784E2A230AF16476D27EEB1CE7499FBF0E24DE,com.Siyou.HD,RemoteControl
0D77A8C37B86D0960D11E18C399A7EF94907E089B6DD3CA93B6926092EDD7849,com.shopperplus.saleapp,Shopping
6D1A4AFF1336526AFFB10BBA4355DBC0EB315CABF81AFD1AD4AF7A276C6F61D9,com.wumeshop_4073465,Shopping
6C8E66ED6DFAD3F9160C26DE8E04DF119AFE8F129EE37FD7E1FDEE9B59BD9D06,com.wMYSHOPPRIME_8899387,Shopping
6AB8930F56F28F2B211F2F19575A2935ED4356543F67293B765819FB79339917,com.mobincube.tiendasagatha,Shopping
6A5128677078864FDEE18FA7A51A10431AAD12CC36C0D9645769E454F55D1DAB,com.esiwei.wenzhouasianshop,Shopping
8CC8AA6BE14C1443F306522B55B811E854C34E45CA48B985B4386AF3D9CC2CE6,com.wSembakoJambi_12391371,Shopping
6AB8930F56F28F2B211F2F19575A2935ED4356543F67293B765819FB79339917,com.mobincube.tiendasagatha,Shopping
86ACDE3FC9134586169507EDD0AAAA78EAA456103F19BCC8B35ECD42103BFBDA,net.giosis.shopping.sg,Shopping
86ACDE3FC9134586169507EDD0AAAA78EAA456103F19BCC8B35ECD42103BFBDA,net.giosis.shopping.sg,Shopping
73AD697D7360592FDE27770D7CA1AF7A9274FE954DEE61983DD98F890558C24A,com.eziclean.ezi,SmartHome
14289CE8CABD9659D556AD27EC1161701058CBD024554441D23EB35B472D521F,com.hopeway.cam.iview,SmartHome
38C48B2B8F901ADD0107387921BB95F456243464857134E969799881402AA552,com.ycc365plus.aws,SmartHome
31202D0ADA796E8588AC97AC6396D3C9A3738E8457A9A5A7F870E8B84031C000,com.hopeway.cam.sqcom,SmartHome
1ADA639227C544D733A8D6F431BCD6586B7E3A30B0B3AC15CF16A29B4994A402,com.ogemary.smarthome,SmartHome
68D60557D9B5FD699DCD4051E0403A3E981B46AD3EE8AAF083FE7F25519D8E07,com.hopeway.cam.newhope,SmartHome
9D2C5EE0AE9EE5C9561A696AFBEBB2719ED30F419E65D7484C80CABEAF88DA75,com.flyingbees.BrasilTvEnvivo,Streaming
5869508BCF407A36E132FF1F39BD6B3419D2C1178155698960BA5C40638B486C,com.flyingbees.mbc,Streaming
3A239491D04625392126B5370351B7576E2D9E8DF2D7E10BA7AA00EFB867EC36,com.flyingbees.livearabictv,Streaming
97D5020AAD13169D1489CF7C105C9366BC4653F575D770A16AA720EF05D946A4,com.wheat.mango,Streaming
B8C9C2B67DE9793C5394587D834365C1D12E799452DEBA03604B102EADC3FECE,com.flyingbees.mbc,Streaming
9DEF8E264152B062DDD9DD8FFE2BC2ECB61A5A1F9D0BF6D1058A859494CE4C3F,org.satellite.tvsat,Streaming
E74D68321409FE4939D4DBF0B676AD2958A454153D42C76E65FB3F8D502B246A,com.keystolive.youtuberguide,Streaming
BC4A60784A3ABEF927CA45DF05C02ED56CB47B39CD9E53EEC4F79B81DD42389D,com.flyingbees.mbc,Streaming
5869508BCF407A36E132FF1F39BD6B3419D2C1178155698960BA5C40638B486C,com.flyingbees.mbc,Streaming
8195E2DFA1ED77966444489DA97C5B370FDCE9BD88EC062C5E9639086692260B,com.flyingbees.livearabictv,Streaming
4A713FAB2373CF7E3F5B5650DC4CE70C2396EC0801C1DDB42F65D018126DFC37,com.langtao.avenirtrprotwo,Streaming
B52D7C111994A7A5DC8A472554B2FC8DEA4C5AE07108A35B1C3F98F72C9B384B,com.flyingbees.mbcnetworkchannels,Streaming
0972757FC8B233AE96E7E551354C21C0FD436ACA3A0F477D35B57209D55F7787,com.droomsoft.dianshimi,Streaming
198F3350F4E7A767EB68BCC13370AFEA591CCB69F47152924C520BAD8BD19020,com.flyingbees.livearabictv,Streaming
142177500E37C5473DE1ED1460CB3495C4E72B161B0B714B5A5D97D5827DB2CC,org.translator.super.dictionary,Translator
5966E46FD90B034BB1BD8745683F0CBBF8902F44887581F50A8C17268174D263,nice.translation.more.andmore.languages,Translator
CAE5DA8CB7297D947CB231E485463B5BBFD5753AC4A29F3E52A9D5A70D25D032,com.free.transaltor,Translator
8BC5B9A274AE42821F8270EF7AD09CF57A2D73F86D468F16A9868C497220C5DC,com.speak.translate.anywhere.voice,Translator
86A8660A0EB1A149CBC7EB48DA2350E02B4C0019F261734A15675FF5521649B6,com.online.translate.all.language,Translator
8458B170B269B0F5D425EAF78C24D8E726AD508B3D79963F5969381D18D1AF8F,com.alllanguage.instanttranslator,Translator
5300AED9F84E7609EDF011E7BE122AA7685FC3CE2F8B57D03A4F98A18BA61D4E,com.yougive.melove.voice.translation,Translator
9EBE011E0F736126C953451ACEA1018AD6B5CF159AB68A731166FACB63699775,com.translator.cross.landTrans,Translator
9EBE011E0F736126C953451ACEA1018AD6B5CF159AB68A731166FACB63699775,com.translator.cross.landTrans,Translator
1E1E11C8975C0C7E81C8D51C87C6FEF0A41BFFF994750DF4387ECD2912DFAE43,com.mobile21.diccionariodebiologia,Translator
8BC5B9A274AE42821F8270EF7AD09CF57A2D73F86D468F16A9868C497220C5DC,com.speak.translate.anywhere.voice,Translator
F29D1A22E5E6FC267B4C116594CFB37054664CEC3E29C601D897DE5F4B969277,cn.cheng.enfr,Translator
CAE5DA8CB7297D947CB231E485463B5BBFD5753AC4A29F3E52A9D5A70D25D032,com.free.transaltor,Translator
9D0D62EB92FF8FC9440948CED012B22D4229207328273A4034B0BB46F68BBD4E,com.lomolsoft.dict.cedict,Translator
731C185A0B32F699EF8AEBB6037F2300B96A6DBE477F1D67463D048D51E6E42C,com.innovapps.significadodesuenos,Translator
679A5F786DC77B5615D3A5B9530B57A303ABCABC0BCBE4E01EFF90614EE95FC3,com.lomolsoft.dict.dedict,Translator
B1DD8E35EEB845606EC69AD6FEC53E4A6040DDA884059D7A38747F957E5B5534,com.mobile21.diccionarioquimico,Translator
79AD951158DB6E19B0673E41EF091EFA22AC9E9A3566B84F464980B48DB62A11,com.denapps.voice.translator,Translator
17776876BBE9B33D64B87AE9795DD48C8F294EE91F1B94147BAA429BB680A12E,cn.cheng.enpl,Translator
CC0FF8D87C05F8EE0ABE259ACC6A4BD493FA2A896497538D9058ED67B3AC1201,us.dogtranslator.bodyapps,Translator
221E1F992C1B0EF8BB7ABF98573B49A99EE29AB7630E04A1AF38A223DDC8C9B2,com.lomolsoft.dict.gedict,Translator
372965A1049E16DC76C038EE32B9BC0F2CFACE6B864260162B6EF3F937BBD78C,com.innovapps.diccionariodeanatomia,Translator
1A9A97F7119AC8F539EA670BD455D92D6A33F2AC991561E385C4A076A80A2F00,com.mobile21.diccionariodebiologia,Translator
EB0BAD25AE0A8BD1ABBA62C4166970E519B21497C80DE1EE9FD7445B14756363,com.translator.voice.android,Translator
1A22BDE4CCB25259FC30470517F388BB59CA1C069920BF1B252598B0AF089709,org.besttranslator,Translator
A8E3B1122D20B64CC4750FC1D0BEEEA805FB6DCBDCEA1039FCB59D2EEBAD38BC,ir.om1.hm,Translator
87A00A2DE173B3221B86CB3845C1CFF1A203A98F75BED8E0E970B8FD50C9C6E6,com.lomolsoft.net.cnentranslation,Translator
5300AED9F84E7609EDF011E7BE122AA7685FC3CE2F8B57D03A4F98A18BA61D4E,com.yougive.melove.voice.translation,Translator
D07CCA5E5F3C010C51E46E5A1E12D2442DBEBD8AEEA2F0C3864BD18E326D5382,cn.cheng.japanesethai,Translator
571BE85BC4205E54667C0FB9069F9808B462C34F7A1BF0438ECDBB26F2F03CD0,com.innovapps.significadodenombres,Translator
DF8A6F35839324296A8B56C9D4122264D412E5A208151F3359AF92BA500884A0,com.mobile21.diccionariofilosofico,Translator
4E62ADCCD03AC7A133968FDBFF5696FD8BFAC8C93328D15B3CC700A5AA90430F,com.lomolsoft.net.cnthtranslation,Translator
9592867BD45A943523F5F97AA5A7BBA16127B14856403A693AC25D2819B21DA2,com.hhll.translatecnen,Translator
A547D7221E98B18AB78E305410BFAC4DA4F74E59E9BD8E00DAB76E9FD621D41A,com.mobile21.diccionarioeconomico,Translator
86A8660A0EB1A149CBC7EB48DA2350E02B4C0019F261734A15675FF5521649B6,com.online.translate.all.language,Translator
529166A006EA16D3F566EB3DE24089DF77C8FAFC2498DED28824911031F371B9,gr.itravelguides.nafplio,TravelGuide
182203BDD3A88CBB8E4CD5F97C85AAAD06C957032DA676F02F143BEED51EC18B,com.appwillow.bestofasranihdvideos,VideoPlayer
05B4C4DD8BF9F376C767330E649D725AD35C0C9C3B1B2DBBFAB7F39E90C5BAC4,com.armstrong.scentvideoeditor,VideoPlayer
05B4C4DD8BF9F376C767330E649D725AD35C0C9C3B1B2DBBFAB7F39E90C5BAC4,com.armstrong.scentvideoeditor,VideoPlayer
F191BE0843D65993998C24A282135E338032D6A58E8BF3A1459E8649B613B426,com.apps.rajveerexch,VideoPlayer
61AC5C6E1D65C83A24F0CBD04522CF191DD482F4E4880E834E4EB98857355F15,com.elift.hdplayer,VideoPlayer
5CABF0A644BC154C96AC31BDBDE68E67B83D579E992BC65947FEB839E8BDA5CC,com.aitechvpn.plus,Vpn
42D055D70CB46B8313805906FDCFC9A77BCB5356B634966F02AD81A88AC5C902,tunnel.entclass.vpn,Vpn
1A0A828DE72FDFBD91B465AA000A1440A335C894797E60B98029EB157E271CF6,com.speed.svpn,Vpn
11FEFF0723AE24BFE496CBA6F44475F679616984261A8250FD261783C095F30D,net.smilevpn,Vpn
03ADFD201D03CA560E9A705F6289004D2D0D3767778F93E6D26D758A14498589,com.yoplus.lite,Vpn
95B603EFDFEB90FC29230D7E2C664C2198936FA93C72DE390000B8D75A62A228,com.rambo.net.vpn,Vpn
9853B465EF8F0B564B0DEC8F7C43CE45CF06CA03C32637851818183477EB287C,app.royalenetvpn.com,Vpn
AB772A05A68D3C751A93FEC190B4494574C5AB6F9F242CEDF3EFFA709F822803,com.ahfu.vpn,Vpn
AE0CEE701CC482FBF9FCE94DD4225B8BC2E0867D5CED5EE0653FE1A9F44B7EB9,com.magicph.nepotunnel,Vpn
8AC9083DB4146A571F4B3F014E303B821B1F674E11FA11E2CC0BE207A98C7B27,net.tcodes.vpn,Vpn
619E0F7A9D44CC947F09F206ECD89F4F4E3372A14FA2D715EEC7EA134A0705FB,com.newonec.app,Vpn
B11FF60BE4F8DEDFE3C9C357DD12370CB1BCA4FC1CEDD4415323B2ADBA848D4A,vpn.andromeda.me.f,Vpn
C33D4705E028CD288BEC27B7D8BAD58B2B3B3248735095FE317E76442A75C0AF,net.tishenkova.vpn.hub,Vpn
42501D89C4F803CA7B3606E478D85F1A62BF652E001A804402AFE60ECA2AFEF8,tunnel.entclass.vpn,Vpn
DEF37BB5CFE53102411A95304D76F89B41D4B2FF5210FE00A1B261DCD0B1F7DB,com.ahfu.vpn,Vpn
B816579FF08A79190F786525E828CB4AD6F1BC4FD2DCDCC88E106686EF11839A,com.ahfu.vpn,Vpn
B90ABC4601C6F69B4BF8666FF51E1BE5F28C45E6268F2E2D7A7C343A66AAEAED,com.ahfu.vpn,Vpn
2C394DEF737E4CCAE36DCB35590846AA9C3EAFAF9D4094D08192858EE4DC6A43,com.ahfu.vpn,Vpn
6B483807FF2B90827DE025C22A716DE053D0B34F5C41F2FC1DCED86B08338C60,ssh.tropa2.vpn,Vpn
3BF431B9AA3F199E7B560C4A73F347F8304425D1B80010FEE56718EF0E60183F,com.webloadedlit.vpn,Vpn
F0B61C744EE3B3675BB64C998505E20475588D1A5E4EF8D3A3507C75B7F7FFED,ssh.topspeed.vpn,Vpn
3E544189871EEBB22C74EEE5488E156D10075DA97DB117B53866EB3EFD35F546,app.dev.isvbuild.jnetvpn2021,Vpn
D3E1C0A5836DC6362A5626826146756007793A884074DB3C113EC1FF11499FF6,com.aitechvpn.plus,Vpn
E46586D89779AAA74369C68E0375A052615CA8E9E4BDF26E7F771E8712CF9AD8,dev.boyapper15.vpn,Vpn
B11FF60BE4F8DEDFE3C9C357DD12370CB1BCA4FC1CEDD4415323B2ADBA848D4A,vpn.andromeda.me.f,Vpn
C33D4705E028CD288BEC27B7D8BAD58B2B3B3248735095FE317E76442A75C0AF,net.tishenkova.vpn.hub,Vpn
C44E4A839ACD7187CED302D0C4798A1D5811CA89C6DFCEFC5BCA4641EF8A653A,com.connect.mystic,Vpn
D8E8B0E6BD2FBE42019701A735970CC4ED9D39ECFBF35069D1AF47E62EA96091,com.js.free,Vpn
9B49EF4C7CDC2C726509CDA8F5CFFB3699113968D96155ACC012CA173A370DF7,sshssl.faisalvpn.ovpn,Vpn
E80ACD1E75F3C3502C5D9D0C7ACBDE8065B09B2543C5A8CB8BB4ACA68C48D405,reiko.kims.v100,Vpn
4069B042C31C9D3D3EE2E97266C5E7104C211C67950462B1946A594549CBF56E,com.rambo.net.vpn,Vpn
EAE7CE72713E7D10EEE1FFAEAC253C5563892201F01087BEE909D8857266B4D1,unexpected.vpn.team.com.ph,Vpn
9086E639532157C942D1EB8646A51D4ACAC413C367A7D39C0C231CE419709DFF,com.skate.board.fly.chute.race,Vpn
363C10F219C01FC594AE962B4878FD38CC42E6173E7666D199EA9B350526A803,net.bitnet.tunnel,Vpn
AB772A05A68D3C751A93FEC190B4494574C5AB6F9F242CEDF3EFFA709F822803,com.ahfu.vpn,Vpn
2C394DEF737E4CCAE36DCB35590846AA9C3EAFAF9D4094D08192858EE4DC6A43,com.ahfu.vpn,Vpn
B90ABC4601C6F69B4BF8666FF51E1BE5F28C45E6268F2E2D7A7C343A66AAEAED,com.ahfu.vpn,Vpn
B816579FF08A79190F786525E828CB4AD6F1BC4FD2DCDCC88E106686EF11839A,com.ahfu.vpn,Vpn
0CB8C926EBB546DA1D828D47F6ED4DFDADB0B468F3D9E6E6411002DF43EB2B1A,com.aitechvpn.aluko,Vpn
DEF37BB5CFE53102411A95304D76F89B41D4B2FF5210FE00A1B261DCD0B1F7DB,com.ahfu.vpn,Vpn
DB7CE5EFD5AFC855024B22D01DD753F21B863CC6F3D923CC455D84F81E1850C6,bsl.vpn.team,Vpn
231A1B099BFCC222A0647C3AD774863DDC1A1A9ACF28F7600E100C9F93171829,com.fancytools.wallpaper.phone,Wallpaper
34BE7F2A1F79D59790329CD75CB786CA9EED16EFBD33C255BD6F3498B7384191,com.upqnpcjmjt.fokfreewallpapers,Wallpaper
871BF7966B9954CC8D44B141269A1166C1B2B1DFA212911051DC5A1B30211330,com.island.bsnowwallpaper12,Wallpaper
5164C7A93B4CC72A2B35DD7E12B3203A88AE9DE1C7F938D11E29D1780B175100,com.island.bsnowwallpaper8,Wallpaper
BA53E3FEA174C26ED67D5DCC62F5AE1B0251FFBF081D77D0AD1B0AE96291C355,com.flawless.wallpapers.ground,Wallpaper
370FD87595A9AD93308B23E8BD3E173CF416C3032322C4445D38F94A7D95DC28,de.com.zhaocatple.wallpapers,Wallpaper
52AF3165B2A222D0336A26FF7A9302B2DF973D995177EEFF3094BFD36E0E9D1C,com.admouni.hdwallpaper,Wallpaper
7D84F33A99EAD8572731C8821DEF2A2AA889F9BDCBF31547597B8DBCC85BD657,com.popularhdfour.fourkwallpapers,Wallpaper
E7DD88E211157CD36BC9ABFCF1B1171E2B9764156C597C1311792C34A1B051DD,cpw.hnhis.bvkjs.sihe.ane,Wallpaper
E0EA93C27FC0D3B108B533F1D7B7F93DEA47263286AF42BB013A9606C4AB5B1F,cme.jghz8.ng29v.lsvgn,Wallpaper
B10B2FD9BFD0696FD62B9490895493AE7CB13D2F88827D7E35A8ACDD0C84BE7E,com.wally.fourk,Wallpaper
EC62AEBA99E881F5984DEE036A3A0B49F5D3C70101554BC49527DCF3AAE373B4,com.zpark.aniWallpapers.ham,Wallpaper
766C9E8A6AA82BF3BD0C9EB9022D770CC1B89AF5142B2B0EDD9A26DA42F13E2C,com.wallpaper.b4.ghetto,Wallpaper
6DF155A63DCCC960BD927F769F1F2235889551FD48D85F28DC65BA9159AD49E7,com.swingtechs.swingwallpaper,Wallpaper
1CC684D36748F1FC0847455B0D1EDF8980DA4CE992C6B61C8A78FC7E03A02F1A,com.onimagetouao.oceanwallpapers,Wallpaper
7066C1BE130398C0DAFC428043D0059D202B25B2C4BCF9147D790C7E3C18D4BD,vixiv.lgg6.live.g6.tt.backgrounds.hdwallpapersfree.wallpapers,Wallpaper
BC1B2B4BE4D4F36DEBC84AF1CD4CE5C614521940D70CDC4CE917441CAB9E5732,com.custom.lwp.AHDNiceWaterfall,Wallpaper
9B263775BB4B94B1F156E43A031BAC385030AA0111C634457AB23448D9796F14,rgp.wn3i.k2ke.xxun.lfgb,Wallpaper
C73E437237324ACE7F5100D939794AD7D42879DD866AD173D6514EDC0FEC2314,com.tool.wallpaper.color3d,Wallpaper
7D84F33A99EAD8572731C8821DEF2A2AA889F9BDCBF31547597B8DBCC85BD657,com.popularhdfour.fourkwallpapers,Wallpaper
524AF5682C57F17FF660406E7C0A41E74FE5DC4C8A034E7072932C6DBF520F67,resplendent.hdpaper.wporg.wallpapercontent,Wallpaper
3D2051B14711AB285CD418A5BE5BCE2AF63F21B5CC36AF5DEC62540C85BFA162,com.wallpaper22.quesa,Wallpaper
7B22A297ABA1C196C0592AB013AC4C1ED610BC4115E1BBC20B4CCB1DF12AC0F9,com.joyhd.wallpapers6,Wallpaper
4EA96C184F09E0ADE456D5E773504E09F63A72A34D2C37FAA8733132AB0F28A0,cn.bighead.livewallpaper.jianfei197,Wallpaper
9E9ADAA93B28F476B712E362FC9D1C555D235936734BC8003B89B38DFDA0835A,wabao.wallpaper,Wallpaper
871BF7966B9954CC8D44B141269A1166C1B2B1DFA212911051DC5A1B30211330,com.island.bsnowwallpaper12,Wallpaper
BB6FF6DC90259F03B0DF6882BA94E90791A62F5A0C1ED216C90C4FD68A7E93E9,com.pantherbean.spring,Wallpaper
BA53E3FEA174C26ED67D5DCC62F5AE1B0251FFBF081D77D0AD1B0AE96291C355,com.flawless.wallpapers.ground,Wallpaper
BD42F7DFBB4BEC26AC3308FC991F40D8DB7E2C6B3A9461AE83BB25BD28ECD681,vibrant.cherrylive.wallpapers,Wallpaper
BC1B2B4BE4D4F36DEBC84AF1CD4CE5C614521940D70CDC4CE917441CAB9E5732,com.custom.lwp.AHDNiceWaterfall,Wallpaper
0807F75331B3AAB67261162DBA285B177E40A7BEB5B8BDE68712840E3C9FA6A9,com.zadeappss.kohli,Wallpaper
06EF6B2F54E54FD2B286C232BB4858D681AA6EB786AB9BC660B977E3ED573880,com.wallappz.messi,Wallpaper
4A30149F647F3706BA2158FC10F949ABE751FD2841BEF6A1E073774E3BCCFB35,com.rnwrnwhhrnw.travelwallpapers,Wallpaper
4A30149F647F3706BA2158FC10F949ABE751FD2841BEF6A1E073774E3BCCFB35,com.rnwrnwhhrnw.travelwallpapers,Wallpaper
EC62AEBA99E881F5984DEE036A3A0B49F5D3C70101554BC49527DCF3AAE373B4,com.zpark.aniWallpapers.ham,Wallpaper
766C9E8A6AA82BF3BD0C9EB9022D770CC1B89AF5142B2B0EDD9A26DA42F13E2C,com.wallpaper.b4.ghetto,Wallpaper
7C45E6690EC872D09A4F1C16B3B9A829B1A7306A38086097A1BA015FF2BD77A8,com.purplestyle.wallpaperslive,Wallpaper
6F721A1BA305B6A5AAD927F73B43C803CE3C01E782DF02AABFED26117BC8DE75,com.fun.christmas.fireworks,Wallpaper
61C8E72FA4591FC15099C8D3FD5598EB03C305A5618F81FF3E2EE9B70FC32DD4,com.mybeauty.mywallpaper.gradientwallpaper,Wallpaper
1CC684D36748F1FC0847455B0D1EDF8980DA4CE992C6B61C8A78FC7E03A02F1A,com.onimagetouao.oceanwallpapers,Wallpaper
7066C1BE130398C0DAFC428043D0059D202B25B2C4BCF9147D790C7E3C18D4BD,vixiv.lgg6.live.g6.tt.backgrounds.hdwallpapersfree.wallpapers,Wallpaper
231A1B099BFCC222A0647C3AD774863DDC1A1A9ACF28F7600E100C9F93171829,com.fancytools.wallpaper.phone,Wallpaper
34BE7F2A1F79D59790329CD75CB786CA9EED16EFBD33C255BD6F3498B7384191,com.upqnpcjmjt.fokfreewallpapers,Wallpaper
524AF5682C57F17FF660406E7C0A41E74FE5DC4C8A034E7072932C6DBF520F67,resplendent.hdpaper.wporg.wallpapercontent,Wallpaper
4B46E974AA2CAD709D28207D6127A15B9396ED805A4E8C051C97EB4041A9EB77,com.guidepro.bestzedgee,Wallpaper
A3F06F9C34FABABBC8B83AF365C42C1366FC7971585A20561AFD41937447F533,com.anifree.anipet.koi.ad,Wallpaper
656364A7596EED7A250630B754A2A80C63A19E686CB87587521E73683AD8CE4E,com.mobincube.android.sc_3DJS18,Weather
848F69177021A290B317DE944346570552B3790BA834AE6E966F36240A56CF3F,com.mobincube.android.sc_3D4XVF,Weather
F910F3380E01EAA5D708584D3A77D0041EE43E2B239633B275052517B45AEAB6,com.handmark.expressweather,Weather
006BF62E4797F05AA34C044AAD7879CC470EDB64145D3B9264B87E15AE881FCD,mobi.infolife.weather.widget.simplelife,Weather
DD5F157EA4B6084C6331A827E77EB71D32EC6828EBF565609592EDCF69DF8561,wwl.diwpa.cneja.alpew.amd,Weather
656364A7596EED7A250630B754A2A80C63A19E686CB87587521E73683AD8CE4E,com.mobincube.android.sc_3DJS18,Weather
7CC811F3B7C32938BDA42A34676B3CC31806C5A78C8148E78A1BC5855D924300,com.app.appd7ebd6096de8,Weather
840CC88AE69ABBCE82561E918454ECCB4FF2BFFA5C0F1C7300F04D118FF950EF,com.companyname.workout,WorkoutAndTraining
46999193575E1A4FD79A0435E08AB650DC78CF262A6FC7B6A77900627AD7835B,com.fitness.loseweight.health.homework,WorkoutAndTraining